{"cameraMode":{"drawMode":3,"name":"Shadow Cascades","section":"Miscellaneous"},"sceneLighting":true,"audioPlay":false,"sceneViewState":{"showFog":false,"showMaterialUpdate":false,"showSkybox":false,"showFlares":false,"showImageEffects":false,"showParticleSystems":true},"in2DMode":false,"pivot":{"x":0.8523784875869751,"y":6.644866943359375,"z":-4.4075822830200199},"rotation":{"x":0.00007513897435273975,"y":0.9683406949043274,"z":-0.24964044988155366,"w":0.0002914022479671985},"size":9.15718936920166,"orthographic":false}