{"cameraMode":{"drawMode":3,"name":"Shadow Cascades","section":"Miscellaneous"},"sceneLighting":true,"audioPlay":false,"sceneViewState":{"showFog":false,"showMaterialUpdate":false,"showSkybox":false,"showFlares":false,"showImageEffects":false,"showParticleSystems":true},"in2DMode":false,"pivot":{"x":-0.41339385509490969,"y":0.9588277339935303,"z":-0.0001862645149230957},"rotation":{"x":0.0323246493935585,"y":0.8504748344421387,"z":-0.522378146648407,"w":0.05262722447514534},"size":1.9620665311813355,"orthographic":false}