{"cameraMode":{"drawMode":3,"name":"Shadow Cascades","section":"Miscellaneous"},"sceneLighting":true,"audioPlay":false,"sceneViewState":{"showFog":false,"showMaterialUpdate":false,"showSkybox":false,"showFlares":false,"showImageEffects":false,"showParticleSystems":true},"in2DMode":false,"pivot":{"x":4.582462310791016,"y":6.866013050079346,"z":12.186020851135254},"rotation":{"x":-0.0006670066504739225,"y":0.831048309803009,"z":-0.5562024712562561,"w":-0.0009963730117306114},"size":47.668270111083987,"orthographic":false}