{"cameraMode":{"drawMode":3,"name":"Shadow Cascades","section":"Miscellaneous"},"sceneLighting":true,"audioPlay":false,"sceneViewState":{"showFog":false,"showMaterialUpdate":false,"showSkybox":false,"showFlares":false,"showImageEffects":false,"showParticleSystems":true},"in2DMode":false,"pivot":{"x":33.540000915527347,"y":1.1399998664855958,"z":-4.8899993896484379},"rotation":{"x":0.002579862717539072,"y":0.8433408141136169,"z":-0.5373586416244507,"w":0.00404891325160861},"size":30.374771118164064,"orthographic":false}