{"cameraMode":{"drawMode":3,"name":"Shadow Cascades","section":"Miscellaneous"},"sceneLighting":true,"audioPlay":false,"sceneViewState":{"showFog":false,"showMaterialUpdate":false,"showSkybox":false,"showFlares":false,"showImageEffects":false,"showParticleSystems":true},"in2DMode":false,"pivot":{"x":5.889279365539551,"y":-8.868715286254883,"z":18.237905502319337},"rotation":{"x":0.002579862717539072,"y":0.8433408141136169,"z":-0.5373586416244507,"w":0.00404891325160861},"size":1.4769810438156129,"orthographic":false}