{"cameraMode":{"drawMode":3,"name":"Shadow Cascades","section":"Miscellaneous"},"sceneLighting":true,"audioPlay":false,"sceneViewState":{"showFog":false,"showMaterialUpdate":false,"showSkybox":false,"showFlares":false,"showImageEffects":false,"showParticleSystems":true},"in2DMode":false,"pivot":{"x":-2.159996509552002,"y":6.0326995849609379,"z":11.252067565917969},"rotation":{"x":0.044396787881851199,"y":0.8986880779266357,"z":-0.4261733591556549,"w":0.09362123906612396},"size":8.753600120544434,"orthographic":false}