{"cameraMode":{"drawMode":3,"name":"Shadow Cascades","section":"Miscellaneous"},"sceneLighting":true,"audioPlay":false,"sceneViewState":{"showFog":false,"showMaterialUpdate":false,"showSkybox":false,"showFlares":false,"showImageEffects":false,"showParticleSystems":true},"in2DMode":false,"pivot":{"x":19.128173828125,"y":0.5459228157997131,"z":-28.121536254882814},"rotation":{"x":0.002579862717539072,"y":0.8433408141136169,"z":-0.5373586416244507,"w":0.00404891325160861},"size":1.0959522724151612,"orthographic":false}