{"cameraMode":{"drawMode":3,"name":"Shadow Cascades","section":"Miscellaneous"},"sceneLighting":true,"audioPlay":false,"sceneViewState":{"showFog":false,"showMaterialUpdate":false,"showSkybox":false,"showFlares":false,"showImageEffects":false,"showParticleSystems":true},"in2DMode":false,"pivot":{"x":1.410627007484436,"y":7.861638069152832,"z":-10.502090454101563},"rotation":{"x":0.004279805812984705,"y":0.9918084144592285,"z":-0.12292248755693436,"w":0.03452981635928154},"size":12.553910255432129,"orthographic":false}