{"cameraMode":{"drawMode":3,"name":"Shadow Cascades","section":"Miscellaneous"},"sceneLighting":true,"audioPlay":false,"sceneViewState":{"showFog":false,"showMaterialUpdate":false,"showSkybox":false,"showFlares":false,"showImageEffects":false,"showParticleSystems":true},"in2DMode":false,"pivot":{"x":-0.5200004577636719,"y":-0.44999992847442629,"z":17.09000015258789},"rotation":{"x":0.002579862717539072,"y":0.8433408141136169,"z":-0.5373586416244507,"w":0.00404891325160861},"size":15.357001304626465,"orthographic":false}