{"cameraMode":{"drawMode":3,"name":"Shadow Cascades","section":"Miscellaneous"},"sceneLighting":true,"audioPlay":false,"sceneViewState":{"showFog":false,"showMaterialUpdate":false,"showSkybox":false,"showFlares":false,"showImageEffects":false,"showParticleSystems":true},"in2DMode":false,"pivot":{"x":1.9674731492996216,"y":11.46752643585205,"z":-10.719611167907715},"rotation":{"x":0.0005215801065787673,"y":0.9987754821777344,"z":-0.048287466168403628,"w":0.010788190178573132},"size":12.950983047485352,"orthographic":false}