{"cameraMode":{"drawMode":3,"name":"Shadow Cascades","section":"Miscellaneous"},"sceneLighting":true,"audioPlay":false,"sceneViewState":{"showFog":false,"showMaterialUpdate":false,"showSkybox":false,"showFlares":false,"showImageEffects":false,"showParticleSystems":true},"in2DMode":false,"pivot":{"x":-2.5897836685180666,"y":-11.65938663482666,"z":16.541942596435548},"rotation":{"x":0.002579862717539072,"y":0.8433408141136169,"z":-0.5373586416244507,"w":0.00404891325160861},"size":6.062177658081055,"orthographic":false}