{"cameraMode":{"drawMode":3,"name":"Shadow Cascades","section":"Miscellaneous"},"sceneLighting":true,"audioPlay":false,"sceneViewState":{"showFog":false,"showMaterialUpdate":false,"showSkybox":false,"showFlares":false,"showImageEffects":false,"showParticleSystems":true},"in2DMode":false,"pivot":{"x":-0.007953643798828125,"y":7.997889518737793,"z":0.0},"rotation":{"x":0.0037517014425247909,"y":0.8033878803253174,"z":-0.5954253673553467,"w":0.005062260199338198},"size":10.728513717651368,"orthographic":false}