{"cameraMode":{"drawMode":3,"name":"Shadow Cascades","section":"Miscellaneous"},"sceneLighting":true,"audioPlay":false,"sceneViewState":{"showFog":false,"showMaterialUpdate":false,"showSkybox":false,"showFlares":false,"showImageEffects":false,"showParticleSystems":true},"in2DMode":false,"pivot":{"x":0.7161383628845215,"y":11.992216110229493,"z":-1.2145414352416993},"rotation":{"x":0.004279805812984705,"y":0.9918084144592285,"z":-0.12292248755693436,"w":0.03452981635928154},"size":7.856235980987549,"orthographic":false}