{"cameraMode":{"drawMode":3,"name":"Shadow Cascades","section":"Miscellaneous"},"sceneLighting":true,"audioPlay":false,"sceneViewState":{"showFog":false,"showMaterialUpdate":false,"showSkybox":false,"showFlares":false,"showImageEffects":false,"showParticleSystems":true},"in2DMode":false,"pivot":{"x":-0.014411091804504395,"y":10.801650047302246,"z":-0.964996337890625},"rotation":{"x":0.004279805812984705,"y":0.9918084144592285,"z":-0.12292248755693436,"w":0.03452981635928154},"size":9.088497161865235,"orthographic":false}