{"cameraMode":{"drawMode":0,"name":"Shaded","section":"Shading Mode"},"sceneLighting":false,"audioPlay":false,"sceneViewState":{"showFog":true,"showMaterialUpdate":false,"showSkybox":false,"showFlares":true,"showImageEffects":true,"showParticleSystems":true},"in2DMode":false,"pivot":{"x":-0.007953643798828125,"y":7.2934112548828129,"z":-0.07923871278762818},"rotation":{"x":-0.35717150568962099,"y":0.6414824724197388,"z":-0.45343318581581118,"w":-0.5052993893623352},"size":9.516751289367676,"orthographic":false}