{"cameraMode":{"drawMode":0,"name":"Shaded","section":"Shading Mode"},"sceneLighting":false,"audioPlay":false,"sceneViewState":{"showFog":true,"showMaterialUpdate":false,"showSkybox":false,"showFlares":true,"showImageEffects":true,"showParticleSystems":true},"in2DMode":false,"pivot":{"x":0.6024953126907349,"y":1.6302158832550049,"z":2.9541218280792238},"rotation":{"x":-0.35717150568962099,"y":0.6414824724197388,"z":-0.45343318581581118,"w":-0.5052993893623352},"size":0.3131316602230072,"orthographic":false}