{"cameraMode":{"drawMode":0,"name":"Shaded","section":"Shading Mode"},"sceneLighting":false,"audioPlay":false,"sceneViewState":{"showFog":true,"showMaterialUpdate":false,"showSkybox":false,"showFlares":true,"showImageEffects":true,"showParticleSystems":true},"in2DMode":false,"pivot":{"x":0.2283644676208496,"y":10.104625701904297,"z":-0.3750028610229492},"rotation":{"x":-0.00864583533257246,"y":-0.7953815460205078,"z":0.606037437915802,"w":0.005234668962657452},"size":13.130325317382813,"orthographic":false}