{"cameraMode":{"drawMode":0,"name":"Shaded","section":"Shading Mode"},"sceneLighting":true,"audioPlay":false,"sceneViewState":{"showFog":true,"showMaterialUpdate":false,"showSkybox":true,"showFlares":true,"showImageEffects":true,"showParticleSystems":true},"in2DMode":false,"pivot":{"x":-38.46175003051758,"y":1.1634979248046876,"z":-9.208213806152344},"rotation":{"x":0.6167178153991699,"y":0.0051298681646585468,"z":0.008771238848567009,"w":0.7871305346488953},"size":109.74909210205078,"orthographic":false}