{"cameraMode":{"drawMode":0,"name":"Shaded","section":"Shading Mode"},"sceneLighting":false,"audioPlay":false,"sceneViewState":{"showFog":true,"showMaterialUpdate":false,"showSkybox":false,"showFlares":true,"showImageEffects":true,"showParticleSystems":true},"in2DMode":false,"pivot":{"x":0.20268777012825013,"y":1.9136605262756348,"z":0.6582121849060059},"rotation":{"x":0.008366785012185574,"y":-0.9359854459762573,"z":0.34817707538604739,"w":0.05138687416911125},"size":1.9791615009307862,"orthographic":false}