{"cameraMode":{"drawMode":0,"name":"Shaded","section":"Shading Mode"},"sceneLighting":false,"audioPlay":false,"sceneViewState":{"showFog":true,"showMaterialUpdate":false,"showSkybox":false,"showFlares":true,"showImageEffects":true,"showParticleSystems":true},"in2DMode":false,"pivot":{"x":-0.007953643798828125,"y":7.997889518737793,"z":0.0},"rotation":{"x":0.0018392542842775584,"y":-0.9393414258956909,"z":0.3412349820137024,"w":0.034546513110399249},"size":33.50771713256836,"orthographic":false}