{"cameraMode":{"drawMode":0,"name":"Shaded","section":"Shading Mode"},"sceneLighting":false,"audioPlay":false,"sceneViewState":{"showFog":true,"showMaterialUpdate":false,"showSkybox":false,"showFlares":true,"showImageEffects":true,"showParticleSystems":true},"in2DMode":false,"pivot":{"x":2.0219831466674806,"y":4.951407432556152,"z":5.416444301605225},"rotation":{"x":-0.011482560075819493,"y":-0.7624975442886353,"z":0.6468907594680786,"w":0.0020179282873868944},"size":1.443846583366394,"orthographic":false}