{"cameraMode":{"drawMode":0,"name":"Shaded","section":"Shading Mode"},"sceneLighting":false,"audioPlay":false,"sceneViewState":{"showFog":true,"showMaterialUpdate":false,"showSkybox":false,"showFlares":true,"showImageEffects":true,"showParticleSystems":true},"in2DMode":false,"pivot":{"x":-64.63993072509766,"y":-2.3400750160217287,"z":11.928450584411621},"rotation":{"x":0.024090195074677469,"y":-0.9431142807006836,"z":0.31483331322669985,"w":0.1041213721036911},"size":5.652737140655518,"orthographic":false}