{"cameraMode":{"drawMode":0,"name":"Shaded","section":"Shading Mode"},"sceneLighting":false,"audioPlay":false,"sceneViewState":{"showFog":true,"showMaterialUpdate":false,"showSkybox":false,"showFlares":true,"showImageEffects":true,"showParticleSystems":true},"in2DMode":false,"pivot":{"x":-77.82769775390625,"y":8.221921920776368,"z":-6.642950534820557},"rotation":{"x":-0.011482560075819493,"y":-0.7624975442886353,"z":0.6468907594680786,"w":0.0020179282873868944},"size":0.560430109500885,"orthographic":false}