{"cameraMode":{"drawMode":0,"name":"Shaded","section":"Shading Mode"},"sceneLighting":false,"audioPlay":false,"sceneViewState":{"showFog":true,"showMaterialUpdate":false,"showSkybox":false,"showFlares":true,"showImageEffects":true,"showParticleSystems":true},"in2DMode":false,"pivot":{"x":-21.139999389648439,"y":-4.38599967956543,"z":0.25},"rotation":{"x":0.024090195074677469,"y":-0.9431142807006836,"z":0.31483331322669985,"w":0.1041213721036911},"size":24.24871063232422,"orthographic":false}